{"camera":{"movespeed":1.5,"rotationspeed":10.333000183105469,"zoomspeed":12.010000228881836}}